user_id,weekly_spending,monthly_spending,transaction_count,avg_transaction_value,luxury_items_bought,weekend_spending_ratio
1,5986,26849,32,839,1,0.37
2,3934,17232,35,492,2,0.28
3,1579,6627,50,132,0,0.27
4,1848,7069,32,220,1,0.25
5,2504,9853,56,175,2,0.19
6,2100,8834,43,205,1,0.36
7,1595,6683,71,94,0,0.31
8,4540,19524,79,247,2,0.42
9,2618,10612,61,173,1,0.44
10,4106,16495,44,374,1,0.25
11,1304,5198,47,110,0,0.37
12,4379,19653,20,982,2,0.32
13,5162,21912,49,447,2,0.17
14,1693,7496,61,122,2,0.24
15,1642,7207,51,141,0,0.42
16,5159,20773,54,384,1,0.37
17,3080,13183,25,527,0,0.23
18,5618,24739,51,485,1,0.4
19,5969,23681,5,4491,7,0.65
20,1405,6242,62,100,0,0.33
21,5229,21585,29,744,1,0.16
22,4553,19509,28,696,1,0.26
23,2227,9346,68,137,2,0.31
24,2621,10563,71,148,2,0.26
25,5550,24936,39,639,0,0.44
26,1940,7391,40,184,2,0.28
27,5395,23249,64,363,0,0.27
28,3412,13730,70,196,1,0.34
29,2299,8975,22,407,1,0.27
30,3368,14932,51,292,1,0.28
31,1070,4751,21,226,0,0.3
32,2411,9756,43,226,2,0.42
33,2804,11977,67,178,0,0.2
34,2369,9490,75,126,0,0.39
35,3913,17131,58,295,2,0.42
36,5263,22406,79,283,1,0.35
37,3170,12134,66,183,0,0.34
38,4563,19616,54,363,0,0.39
39,1888,7354,26,282,0,0.36
40,3813,15810,26,608,2,0.43
41,5585,23062,37,623,2,0.45
42,1589,6810,33,206,1,0.38
43,5153,21302,31,687,2,0.24
44,3689,14122,23,614,2,0.19
45,5474,24284,41,592,1,0.22
46,5930,26477,39,678,2,0.35
47,4284,17198,45,382,1,0.25
48,1554,6265,34,184,1,0.39
49,1279,5526,36,153,2,0.18
50,2588,10277,43,239,0,0.18
51,1497,5923,25,236,0,0.36
52,4766,20864,50,417,2,0.19
53,3767,16336,56,291,0,0.25
54,2034,7758,55,141,2,0.32
55,4465,19015,45,422,2,0.15
56,2106,9472,28,338,0,0.41
57,1752,6809,24,283,2,0.18
58,2669,11332,40,283,1,0.31
59,1998,8495,41,207,2,0.25
60,4601,18696,33,566,2,0.38
61,1950,7472,40,186,2,0.24
62,3872,17386,35,496,0,0.16
63,4607,20620,24,859,2,0.26
64,2097,8444,30,281,0,0.38
65,4030,16621,27,615,2,0.28
66,3670,15693,68,230,2,0.22
67,5855,22322,21,1062,1,0.29
68,3438,13391,75,178,0,0.31
69,1299,5684,33,172,1,0.2
70,1006,4393,50,87,0,0.19
71,3915,16965,25,678,2,0.27
72,3411,14221,40,355,2,0.44
73,2608,11695,20,584,2,0.43
74,3729,15298,26,588,0,0.19
75,4955,21742,72,301,2,0.18
76,2948,11912,52,229,2,0.42
77,3938,15978,76,210,1,0.27
78,3638,16232,75,216,1,0.26
79,5729,24631,63,390,2,0.36
80,4620,19049,22,865,1,0.23
81,5587,22252,74,300,1,0.31
82,5820,24012,58,414,2,0.21
83,1656,7196,45,159,1,0.27
84,4758,19156,70,273,1,0.15
85,5676,23668,68,348,0,0.38
86,4746,19898,22,904,0,0.29
87,1682,7350,79,93,0,0.39
88,5985,22964,50,459,2,0.27
89,3485,13749,48,286,0,0.34
90,4223,17213,44,391,0,0.38
91,3103,13139,79,166,1,0.38
92,5028,22101,20,1105,2,0.17
93,1159,5123,53,96,0,0.19
94,3321,14522,41,354,2,0.22
95,2344,10318,79,130,2,0.44
96,5553,22030,72,305,2,0.42
97,3714,15606,65,240,2,0.18
98,2321,9866,43,229,1,0.27
99,5696,67676,26,2217,12,0.35
100,1621,6345,45,141,0,0.33
101,2197,8981,51,176,2,0.35
102,1453,6349,49,129,1,0.32
103,1953,8494,31,274,2,0.24
104,2721,10875,50,217,0,0.19
105,5624,21936,50,438,2,0.25
106,2553,11061,24,460,1,0.38
107,1315,5337,58,92,0,0.23
108,4699,17918,78,229,1,0.2
109,2311,10208,74,137,2,0.28
110,4404,17600,51,345,2,0.32
111,2393,10456,59,177,2,0.38
112,1727,7032,64,109,2,0.44
113,2969,11616,38,305,1,0.27
114,5238,20417,72,283,1,0.33
115,5788,24492,71,344,0,0.4
116,2611,10308,76,135,0,0.29
117,3864,17104,64,267,1,0.36
118,3813,15721,32,491,2,0.38
119,2932,12115,55,220,2,0.32
120,4551,18298,71,257,1,0.39
121,2500,10769,65,165,2,0.43
122,3873,17180,39,440,1,0.24
123,1155,4457,39,114,2,0.19
124,4413,17363,27,643,1,0.29
125,4073,16630,67,248,2,0.4
126,4904,21369,68,314,0,0.26
127,4818,20669,55,375,0,0.21
128,1296,5348,73,73,1,0.28
129,4145,18132,72,251,2,0.22
130,1817,8128,45,180,2,0.24
131,4488,19865,54,367,1,0.33
132,1154,4790,42,114,2,0.3
133,1997,7966,55,144,2,0.31
134,5092,20868,36,579,1,0.21
135,1835,7928,62,127,1,0.33
136,4253,16833,76,221,2,0.38
137,5900,23284,32,727,0,0.17
138,4970,20862,27,772,0,0.19
139,5320,20996,47,446,0,0.44
140,4163,16344,56,291,0,0.43
141,4087,17236,28,615,1,0.3
142,1729,7198,46,156,0,0.34
143,2415,10434,42,248,0,0.31
144,1894,7939,48,165,0,0.2
145,1233,4855,56,86,2,0.25
146,3704,15627,60,260,2,0.27
147,2118,8894,63,141,2,0.39
148,2614,60699,6,4509,7,0.29
149,5878,22621,61,370,0,0.34
150,2407,9790,52,188,1,0.45
151,3164,12122,68,178,2,0.3
152,1500,5907,54,109,0,0.35
153,1269,5701,60,95,0,0.35
154,3083,11837,26,455,2,0.17
155,4939,19542,22,888,1,0.38
156,3201,12853,73,176,0,0.42
157,2103,9363,50,187,2,0.26
158,3573,14038,49,286,0,0.16
159,1347,5644,46,122,0,0.4
160,3677,15464,56,276,0,0.34
161,3192,12571,56,224,2,0.45
162,1070,4579,57,80,1,0.36
163,5385,21315,22,968,2,0.4
164,5657,24321,46,528,2,0.3
165,4565,19149,75,255,1,0.15
166,5492,24083,68,354,0,0.33
167,1198,4750,35,135,2,0.4
168,5197,20122,49,410,1,0.15
169,5378,20603,51,403,1,0.41
170,5434,23555,42,560,1,0.37
171,3867,15852,28,566,2,0.35
172,3432,68342,3,7746,10,0.71
173,2599,11041,24,460,1,0.42
174,4055,17006,63,269,2,0.35
175,5738,23861,77,309,1,0.34
176,3017,12977,37,350,2,0.35
177,3704,15070,49,307,2,0.17
178,4685,20238,47,430,0,0.2
179,2089,8259,36,229,0,0.15
180,2074,8781,29,302,1,0.31
181,4446,18651,29,643,1,0.39
182,3581,14373,32,449,2,0.23
183,2647,10988,58,189,2,0.33
184,4246,17043,65,262,0,0.26
185,5379,22778,36,632,2,0.25
186,5475,23156,74,312,1,0.23
187,4947,20449,51,400,1,0.28
188,4653,19136,25,765,1,0.39
189,4813,18334,78,235,1,0.16
190,1777,7470,45,166,0,0.34
191,5968,26192,25,1047,2,0.32
192,3363,14209,79,179,1,0.34
193,4876,20500,55,372,1,0.34
194,3776,15263,60,254,2,0.28
195,3848,15764,74,213,2,0.17
196,4033,16208,55,294,2,0.35
197,1857,8004,44,181,1,0.31
198,4611,18490,23,803,2,0.36
199,4880,19784,43,460,2,0.41
200,3306,14703,63,233,0,0.32
201,4538,18601,69,269,1,0.28
202,4676,20617,62,332,0,0.17
203,5266,21455,58,369,0,0.28
204,2128,8261,61,135,2,0.29
205,2610,11223,74,151,1,0.35
206,2849,11938,32,373,2,0.33
207,4299,17457,64,272,2,0.18
208,1204,5399,78,69,1,0.28
209,2691,12018,53,226,1,0.27
210,3337,14993,77,194,1,0.28
211,5324,22917,70,327,1,0.29
212,3713,14454,79,182,2,0.39
213,5184,21410,56,382,2,0.35
214,3922,16358,33,495,0,0.44
215,5567,24976,75,333,1,0.38
216,3956,15170,74,205,0,0.4
217,3937,17015,45,378,1,0.29
218,2923,12301,63,195,0,0.27
219,3308,12580,56,224,2,0.22
220,3639,14084,54,260,0,0.4
221,1526,6075,27,225,2,0.24
222,1385,6182,77,80,2,0.29
223,2745,11281,71,158,2,0.19
224,4379,49593,12,4108,8,0.65
225,4442,17475,79,221,0,0.19
226,5017,21093,76,277,0,0.23
227,4683,19317,57,338,1,0.21
228,2823,40572,21,3457,1,0.45
229,1275,4870,36,135,0,0.34
230,5858,25343,23,1101,0,0.23
231,2560,10976,35,313,2,0.41
232,4962,20454,57,358,0,0.21
233,2367,9125,45,202,1,0.2
234,3415,15006,35,428,0,0.25
235,5303,21396,74,289,0,0.24
236,4499,17771,63,282,0,0.35
237,2560,11236,28,401,0,0.26
238,5009,19963,33,604,1,0.36
239,5173,22525,76,296,1,0.41
240,2023,8338,68,122,2,0.45
241,1055,4273,79,54,0,0.23
242,1827,47860,26,9489,2,0.86
243,3100,13395,40,334,1,0.29
244,1051,4176,26,160,2,0.41
245,3068,13065,69,189,2,0.44
246,3606,15338,77,199,0,0.42
247,2974,12119,26,466,1,0.32
248,5972,25727,60,428,2,0.31
249,4395,19213,27,711,2,0.19
250,2661,11639,25,465,1,0.27
251,5823,23818,42,567,1,0.32
252,1310,5699,57,99,2,0.41
253,1808,7344,76,96,0,0.42
254,3640,14634,68,215,0,0.42
255,1877,8402,52,161,1,0.32
256,5566,24236,73,332,2,0.37
257,5133,19823,28,707,0,0.18
258,4717,19695,60,328,2,0.45
259,1982,8364,64,130,2,0.43
260,2184,21861,2,5624,5,0.93
261,3904,15756,34,463,0,0.17
262,2088,8805,26,338,0,0.3
263,4183,17402,57,305,2,0.38
264,1232,5444,31,175,0,0.43
265,5479,22219,24,925,2,0.17
266,3038,12669,49,258,0,0.37
267,1174,4677,40,116,1,0.18
268,5295,23589,30,786,0,0.24
269,3898,20337,12,11862,12,0.71
270,4910,21277,22,967,1,0.41
271,3011,11816,57,207,1,0.4
272,1840,7250,24,302,0,0.37
273,5352,21808,60,363,1,0.42
274,2191,8398,50,167,1,0.44
275,3135,13126,59,222,0,0.18
276,2330,10167,53,191,2,0.27
277,3405,13260,76,174,2,0.37
278,2420,9304,35,265,1,0.36
279,5156,22229,54,411,1,0.4
280,4060,17528,60,292,1,0.4
281,2625,10570,51,207,0,0.21
282,1278,4891,46,106,0,0.16
283,3854,16267,70,232,2,0.19
284,1081,4621,67,68,0,0.3
285,4998,19072,53,359,1,0.37
286,5546,22414,43,521,1,0.26
287,5399,22805,26,877,2,0.3
288,4103,17096,44,388,2,0.33
289,1293,5757,72,79,0,0.45
290,2512,9987,34,293,0,0.44
291,2888,11883,68,174,0,0.26
292,4228,18912,51,370,2,0.25
293,1860,8232,27,304,0,0.35
294,3834,16887,38,444,2,0.26
295,2339,10513,58,181,1,0.22
296,5075,20026,62,323,0,0.28
297,5415,21456,44,487,0,0.25
298,2216,8716,39,223,1,0.25
299,1140,4498,49,91,2,0.38
300,5079,20909,25,836,2,0.25
301,4318,17511,39,449,2,0.38
302,5974,25972,21,1236,1,0.44
303,3601,14099,31,454,1,0.28
304,5595,23369,33,708,0,0.44
305,2291,10147,66,153,0,0.21
306,2505,10691,75,142,2,0.32
307,1979,7866,21,374,2,0.15
308,3240,52284,31,6898,9,0.74
309,1415,5625,44,127,1,0.36
310,4227,17597,72,244,2,0.16
311,1468,6543,52,125,1,0.34
312,5879,25412,51,498,2,0.42
313,1036,4589,76,60,0,0.38
314,4850,19018,76,250,0,0.19
315,3705,15911,52,305,2,0.37
316,2836,32614,14,1546,4,0.84
317,2218,8464,43,196,2,0.27
318,2012,7876,28,281,2,0.4
319,1013,3855,38,101,2,0.34
320,1578,6019,53,113,0,0.24
321,4794,19680,65,302,0,0.33
322,5472,22869,35,653,2,0.17
323,5690,25017,69,362,0,0.23
324,3794,15822,57,277,2,0.3
325,2315,9273,68,136,1,0.39
326,4185,16868,39,432,2,0.38
327,3527,15754,30,525,1,0.2
328,1272,5479,53,103,1,0.37
329,2910,12395,31,399,1,0.21
330,2984,12667,57,222,0,0.31
331,1639,57382,5,12206,12,0.36
332,4371,17223,59,291,1,0.24
333,5231,22863,69,331,1,0.42
334,4008,17157,47,365,0,0.27
335,5145,21523,77,279,0,0.15
336,2386,9082,50,181,2,0.41
337,5460,23022,73,315,2,0.43
338,5981,26607,37,719,1,0.31
339,3015,12791,74,172,2,0.43
340,1317,5223,67,77,1,0.33
341,2740,11084,59,187,0,0.33
342,1332,5488,27,203,1,0.4
343,4762,18734,56,334,1,0.39
344,2318,9101,63,144,1,0.43
345,1162,4759,31,153,1,0.26
346,3723,16069,38,422,1,0.25
347,2461,10554,35,301,1,0.38
348,4976,18964,46,412,2,0.25
349,4238,18582,54,344,1,0.29
350,2394,9579,52,184,1,0.27
351,2216,8913,58,153,1,0.23
352,4068,17556,31,566,0,0.44
353,3907,17432,63,276,0,0.38
354,5856,25335,33,767,2,0.27
355,4898,19078,59,323,1,0.39
356,1341,5193,55,94,0,0.22
357,2915,12725,32,397,2,0.35
358,2692,11337,69,164,2,0.19
359,5693,24471,75,326,0,0.36
360,4678,19971,51,391,1,0.44
361,1784,7784,27,288,1,0.36
362,1541,6167,68,90,0,0.33
363,5183,21283,48,443,0,0.44
364,2233,9943,42,236,2,0.32
365,3992,16991,57,298,1,0.23
366,5848,24011,28,857,1,0.31
367,5580,23303,25,932,2,0.34
368,5422,24098,37,651,1,0.23
369,2473,9840,39,252,1,0.29
370,1086,4523,49,92,1,0.21
371,4548,18759,25,750,1,0.23
372,5213,20272,26,5954,8,0.51
373,3011,13012,59,220,2,0.17
374,5230,20940,42,498,2,0.43
375,1167,5245,59,88,2,0.24
376,4791,20905,41,509,1,0.42
377,3886,16231,58,279,1,0.19
378,4902,20074,70,286,2,0.4
379,2548,10444,24,435,2,0.26
380,3776,16620,61,272,2,0.16
381,2877,11136,72,154,0,0.4
382,3015,11983,77,155,1,0.22
383,1883,8099,26,311,1,0.19
384,3491,14807,22,673,2,0.42
385,5686,25396,76,334,1,0.41
386,1489,5734,54,106,2,0.3
387,5310,22593,52,434,1,0.43
388,1951,8574,59,145,2,0.35
389,4080,17680,61,289,1,0.29
390,5509,23269,25,930,2,0.17
391,4005,63481,8,4021,7,0.57
392,4579,18489,46,401,2,0.21
393,3500,13850,33,419,0,0.25
394,3804,14858,27,550,0,0.16
395,3288,14093,33,427,0,0.3
396,1008,3962,55,72,2,0.18
397,4455,17906,77,232,0,0.27
398,5721,24570,57,431,1,0.21
399,1147,49079,5,3481,9,0.74
400,4582,17449,77,226,0,0.21
401,2597,10898,41,265,1,0.35
402,4204,16164,54,299,0,0.41
403,3519,14555,72,202,1,0.41
404,1696,76361,4,12513,13,0.65
405,4306,16608,41,405,2,0.39
406,1471,5974,24,248,1,0.16
407,1259,5210,45,115,0,0.39
408,2416,9704,53,183,2,0.17
409,1599,7028,63,111,2,0.36
410,2750,10972,54,203,1,0.43
411,4982,20799,61,340,1,0.38
412,5098,21063,67,314,2,0.31
413,2414,10623,73,145,1,0.27
414,5544,22253,68,327,1,0.39
415,2968,12375,55,225,0,0.23
416,1246,5246,46,114,2,0.39
417,3883,16140,31,520,2,0.26
418,4517,19893,44,452,2,0.4
419,4711,18255,53,344,1,0.16
420,2335,9507,73,130,0,0.23
421,5933,23660,47,503,2,0.32
422,3373,14445,53,272,1,0.33
423,1425,5794,25,231,2,0.33
424,5585,24137,47,513,2,0.37
425,3343,13065,74,176,0,0.32
426,3781,16082,58,277,0,0.17
427,4799,19323,77,250,2,0.18
428,1710,72745,21,9775,7,0.48
429,5514,23945,20,1197,2,0.31
430,1402,5581,69,80,2,0.21
431,1349,5978,73,81,1,0.35
432,1459,5841,50,116,0,0.44
433,5367,23542,43,547,2,0.41
434,3182,13108,68,192,0,0.39
435,1477,6241,52,120,2,0.37
436,5671,23531,75,313,1,0.45
437,4264,19087,49,389,2,0.32
438,2428,9608,45,213,0,0.16
439,4354,17752,26,682,2,0.43
440,3896,15746,23,684,2,0.24
441,2371,29860,29,5675,14,0.79
442,2670,10525,57,184,0,0.42
443,3153,47709,11,4157,13,0.79
444,3997,17586,47,374,0,0.45
445,1678,7203,42,171,0,0.38
446,2992,11567,31,373,2,0.27
447,1564,6796,79,86,1,0.22
448,4266,18021,24,750,0,0.2
449,4892,20936,43,486,1,0.37
450,2637,10737,65,165,1,0.35
451,2055,56117,13,11514,2,0.52
452,3038,13552,78,173,2,0.44
453,5702,23007,41,561,1,0.44
454,3789,14676,40,366,0,0.43
455,4073,17113,63,271,0,0.27
456,4274,17376,25,695,2,0.35
457,3113,12585,53,237,1,0.25
458,1221,4727,71,66,1,0.21
459,3833,17209,35,491,1,0.32
460,2252,9975,65,153,1,0.24
461,1540,6687,51,131,2,0.23
462,2279,9290,61,152,1,0.36
463,3500,14720,78,188,2,0.44
464,1027,3904,52,75,2,0.25
465,1160,4501,60,75,1,0.4
466,2263,8919,46,193,1,0.19
467,2806,10670,26,410,0,0.36
468,3277,13080,31,421,2,0.28
469,1517,5841,61,95,1,0.39
470,5219,20561,66,311,2,0.24
471,4473,17556,52,337,0,0.38
472,3402,14354,59,243,0,0.18
473,2997,13227,40,330,2,0.39
474,3828,15262,55,277,0,0.18
475,3996,15775,22,717,2,0.39
476,4656,73880,11,7922,1,0.49
477,1872,37738,17,7414,6,0.6
478,3269,13239,70,189,2,0.36
479,1244,5316,49,108,1,0.41
480,2922,13119,40,327,2,0.39
481,1103,4352,73,59,1,0.29
482,5827,24431,66,370,2,0.24
483,5048,21303,38,560,0,0.35
484,4891,21641,74,292,1,0.17
485,2203,9393,41,229,0,0.43
486,5517,21800,32,681,1,0.34
487,5613,22596,62,364,0,0.43
488,1386,5510,35,157,2,0.24
489,2421,9759,52,187,1,0.28
490,3288,14002,64,218,1,0.44
491,1326,5099,59,86,2,0.25
492,2766,11488,41,280,2,0.38
493,5343,21140,48,440,0,0.32
494,5399,21172,79,268,2,0.3
495,5979,25245,65,388,1,0.24
496,5266,22321,26,858,2,0.27
497,1770,7738,38,203,1,0.37
498,4795,19389,52,372,2,0.23
499,3846,16059,68,236,1,0.26
500,4474,18109,63,287,2,0.44
501,4679,19757,46,429,2,0.28
502,5949,26454,63,419,2,0.19
503,1490,6631,30,221,2,0.29
504,4274,18954,62,305,0,0.24
505,5038,21796,53,411,0,0.28
506,5403,23750,25,950,2,0.2
507,1424,5822,55,105,1,0.39
508,1752,6897,79,87,0,0.19
509,2533,10930,30,364,1,0.23
510,4801,20952,67,312,2,0.29
511,3588,15339,50,306,1,0.31
512,2425,9858,20,492,2,0.27
513,4141,18279,25,731,1,0.23
514,3376,13910,79,176,0,0.37
515,3339,14075,70,201,0,0.29
516,5460,56007,2,12414,14,0.63
517,4171,17363,31,560,1,0.24
518,1648,7391,58,127,1,0.21
519,5275,22604,54,418,0,0.41
520,4034,17075,71,240,1,0.44
521,2058,8185,41,199,0,0.28
522,5671,23788,32,743,1,0.17
523,5034,22527,44,511,1,0.16
524,5676,24059,75,320,2,0.25
525,4809,19929,40,498,1,0.43
526,5676,23039,41,561,0,0.17
527,4121,16310,25,652,1,0.24
528,3971,17560,57,308,1,0.18
529,2133,8205,22,372,0,0.27
530,5540,23938,23,1040,0,0.43
531,4386,18112,66,274,2,0.23
532,2478,10905,76,143,2,0.16
533,1468,6488,28,231,0,0.39
534,2310,9309,34,273,0,0.3
535,5924,24192,54,448,2,0.17
536,5338,22287,79,282,1,0.31
537,3668,15650,54,289,2,0.24
538,5474,23176,30,772,0,0.34
539,5356,22873,33,693,2,0.33
540,5752,25434,48,529,0,0.25
541,5626,24603,44,559,2,0.4
542,4670,20887,65,321,0,0.18
543,1110,4372,68,64,0,0.35
544,3062,13621,77,176,1,0.42
545,1431,6165,76,81,2,0.4
546,5711,22929,34,674,0,0.17
547,4641,20792,68,305,0,0.18
548,3221,13410,64,209,0,0.17
549,3648,15095,52,290,2,0.24
550,2565,10359,27,383,2,0.19
551,4592,18111,24,754,0,0.36
552,5255,21484,33,651,1,0.33
553,5455,22123,36,614,1,0.32
554,5757,24630,26,947,1,0.31
555,5015,21243,60,354,2,0.15
556,3579,14370,65,221,1,0.28
557,1481,6364,57,111,1,0.16
558,2092,9403,78,120,2,0.2
559,3481,13843,57,242,2,0.21
560,3165,12281,34,361,2,0.16
561,3323,12644,34,371,0,0.33
562,5269,21879,44,497,1,0.21
563,4949,19069,66,288,1,0.43
564,3131,12669,73,173,1,0.16
565,4500,18707,27,692,0,0.3
566,4633,20710,34,609,0,0.24
567,2339,10103,38,265,2,0.16
568,3268,13522,62,218,2,0.38
569,3034,12626,34,371,0,0.2
570,5923,26355,54,488,2,0.4
571,2875,12323,63,195,1,0.25
572,2680,10394,53,196,2,0.17
573,4642,20489,20,1024,0,0.28
574,3285,14320,73,196,1,0.4
575,3771,16533,61,271,0,0.23
576,4858,18727,36,520,1,0.22
577,4835,21310,55,387,2,0.32
578,1847,7257,59,123,0,0.43
579,2632,10094,23,438,2,0.36
580,5603,23233,74,313,2,0.24
581,2048,8806,73,120,1,0.35
582,1654,6685,78,85,1,0.39
583,3576,15445,29,532,1,0.36
584,5132,21301,24,887,1,0.24
585,5469,24420,38,642,2,0.23
586,3571,15921,41,388,2,0.31
587,2013,8165,64,127,2,0.19
588,1370,5814,23,252,0,0.23
589,3471,14415,72,200,0,0.15
590,1293,5040,38,132,2,0.33
591,2146,8853,69,128,1,0.25
592,4661,18395,58,317,1,0.15
593,2738,11438,70,163,1,0.31
594,3816,15271,45,339,0,0.28
595,4087,17237,43,400,0,0.26
596,1064,4746,56,84,1,0.35
597,2540,10193,48,212,0,0.33
598,5488,23928,30,797,2,0.15
599,3911,16106,57,282,0,0.31
600,4519,18923,57,331,2,0.29
601,3198,12937,32,404,2,0.23
602,3475,14143,26,543,2,0.37
603,3233,13585,25,543,2,0.23
604,4972,20426,32,638,2,0.38
605,2818,11802,46,256,2,0.38
606,1879,7292,26,280,2,0.26
607,3485,15461,59,262,2,0.15
608,5227,21761,66,329,1,0.2
609,3539,13901,77,180,1,0.36
610,4835,19747,39,506,0,0.32
611,4186,18168,70,259,2,0.39
612,1202,4729,36,131,0,0.28
613,5547,21177,69,306,2,0.3
614,2871,12879,34,378,1,0.18
615,3398,14533,69,210,2,0.37
616,3027,12125,66,183,0,0.38
617,4676,19040,54,352,2,0.31
618,3275,14282,28,510,2,0.18
619,3349,14212,56,253,0,0.27
620,1888,8147,59,138,1,0.17
621,5743,21992,59,372,2,0.38
622,5900,26017,51,510,0,0.24
623,3007,13299,42,316,1,0.31
624,5252,20121,47,428,2,0.38
625,1668,6762,50,135,0,0.42
626,4266,18010,68,264,0,0.39
627,1796,7710,79,97,1,0.37
628,2831,11441,32,357,2,0.2
629,2506,11230,61,184,0,0.24
630,4362,19484,45,432,0,0.31
631,2250,9687,78,124,1,0.25
632,1328,5950,39,152,1,0.16
633,4526,20242,23,880,1,0.18
634,3628,15057,67,224,0,0.31
635,2607,11423,62,184,0,0.27
636,3950,17649,44,401,2,0.44
637,1889,7721,39,197,2,0.34
638,1870,7632,29,263,0,0.42
639,4135,16279,59,275,1,0.42
640,5185,22299,57,391,1,0.34
641,3171,13140,62,211,1,0.16
642,5302,22353,66,338,1,0.41
643,2203,47708,31,4111,11,0.48
644,4328,18995,49,387,1,0.3
645,1231,4698,30,156,0,0.21
646,2931,12711,40,317,2,0.17
647,3212,12634,57,221,0,0.18
648,5899,25359,72,352,2,0.17
649,3411,14472,25,578,1,0.25
650,1422,6153,37,166,2,0.26
651,5891,23355,38,614,2,0.2
652,5078,22671,33,687,0,0.44
653,1913,8263,78,105,0,0.27
654,5045,22485,26,864,1,0.24
655,1877,7432,39,190,0,0.2
656,5088,22481,44,510,1,0.25
657,1995,7595,32,237,1,0.39
658,5287,23035,43,535,0,0.41
659,5166,19863,54,367,0,0.35
660,5192,23214,72,322,1,0.37
661,2885,12430,71,175,1,0.4
662,1566,6158,50,123,1,0.31
663,1453,5652,35,161,1,0.21
664,1658,6404,43,148,0,0.35
665,4869,19775,32,617,2,0.24
666,4693,18136,41,442,0,0.45
667,1642,6933,79,87,0,0.36
668,5078,20832,27,771,1,0.34
669,3449,13903,21,662,0,0.15
670,3720,14681,57,257,2,0.35
671,1860,7301,63,115,1,0.3
672,4133,17879,41,436,2,0.24
673,3675,15196,23,660,1,0.45
674,2425,10008,48,208,1,0.38
675,2753,10785,32,337,0,0.31
676,1986,8328,53,157,1,0.32
677,1356,5228,54,96,1,0.27
678,3329,14533,63,230,2,0.3
679,2206,9313,50,186,0,0.26
680,1032,4063,56,72,1,0.27
681,5023,22482,54,416,2,0.41
682,3320,13880,53,261,2,0.25
683,2236,9303,52,178,0,0.27
684,5496,22352,29,770,1,0.36
685,3841,16448,67,245,0,0.27
686,4206,17361,29,598,2,0.44
687,4435,18998,49,387,0,0.32
688,5507,22928,35,655,2,0.4
689,2365,9366,73,128,0,0.25
690,2799,10943,46,237,0,0.26
691,3722,16157,79,204,0,0.24
692,5625,22165,47,471,1,0.21
693,3117,12771,65,196,0,0.2
694,5627,23625,32,738,2,0.24
695,2061,8069,58,139,1,0.21
696,5072,22593,64,353,2,0.31
697,2257,8946,75,119,0,0.23
698,5022,35905,22,1065,14,0.87
699,3721,16263,73,222,2,0.32
700,4843,20057,64,313,2,0.29
701,5613,23427,74,316,1,0.36
702,5397,21339,21,1016,1,0.4
703,2570,51894,14,6337,8,0.77
704,2527,10497,36,291,0,0.31
705,1200,20307,16,7365,13,0.84
706,3726,69858,28,12806,9,0.73
707,3012,61124,5,3163,1,0.27
708,4471,29565,30,10189,7,0.4
709,4927,68513,6,7666,12,0.41
710,2768,10636,30,354,1,0.29
711,5068,21438,22,974,0,0.36
712,5085,21529,36,598,0,0.41
713,4603,18943,68,278,2,0.41
714,3035,11762,27,435,1,0.4
715,3041,12836,45,285,2,0.19
716,4380,17504,60,291,0,0.26
717,3117,13445,61,220,0,0.39
718,5480,21449,33,649,0,0.29
719,4359,17177,71,241,0,0.16
720,1314,5397,67,80,0,0.16
721,4923,19093,61,313,2,0.43
722,4475,19938,38,524,1,0.27
723,4514,18003,59,305,0,0.17
724,1753,6869,34,202,1,0.16
725,2993,13291,45,295,2,0.35
726,3804,16633,34,489,0,0.19
727,2429,9508,41,231,1,0.22
728,1642,7125,66,107,2,0.35
729,4425,16871,69,244,0,0.26
730,3176,14194,30,473,2,0.29
731,2082,8886,73,121,1,0.25
732,5721,25708,31,829,0,0.4
733,4392,35632,23,3340,2,0.44
734,4674,19882,67,296,1,0.34
735,2551,10184,68,149,1,0.37
736,2892,12611,32,394,2,0.25
737,3530,14546,51,285,2,0.44
738,3245,13674,57,239,2,0.17
739,5905,25529,45,567,1,0.3
740,3438,15287,45,339,2,0.45
741,2477,10396,54,192,2,0.39
742,5237,22895,49,467,0,0.18
743,4369,19647,31,633,0,0.19
744,1921,7810,41,190,1,0.24
745,4408,17831,45,396,1,0.22
746,4999,21804,25,872,2,0.43
747,4734,19923,67,297,1,0.24
748,5326,21184,36,588,2,0.23
749,5793,25756,60,429,2,0.39
750,1284,5695,28,203,1,0.23
751,1480,6109,58,105,2,0.38
752,1914,8511,68,125,2,0.24
753,4358,78943,21,8418,3,0.38
754,4033,15985,59,270,0,0.17
755,1353,5453,48,113,1,0.28
756,1594,6301,42,150,0,0.21
757,3953,15382,33,466,2,0.27
758,3535,14575,51,285,1,0.34
759,3166,13021,59,220,0,0.2
760,5663,21996,20,1099,2,0.45
761,4894,20444,64,319,1,0.31
762,5613,23627,29,814,0,0.37
763,1331,5600,64,87,0,0.31
764,1971,8773,61,143,0,0.24
765,3656,16311,50,326,0,0.25
766,1563,6330,63,100,2,0.33
767,1242,5157,26,198,0,0.25
768,5498,21577,41,526,1,0.26
769,1170,4628,25,185,0,0.21
770,2686,10427,62,168,1,0.23
771,5926,24210,25,968,2,0.28
772,4889,21883,34,643,1,0.19
773,3871,16388,54,303,2,0.28
774,2240,8737,79,110,0,0.18
775,5422,27781,4,1419,1,0.38
776,5241,20373,30,679,1,0.4
777,1773,36852,19,10276,2,0.4
778,3141,12470,49,254,2,0.37
779,1191,4539,65,69,2,0.26
780,4649,18875,30,629,1,0.42
781,3698,15506,32,484,1,0.37
782,5812,24542,47,522,2,0.26
783,4279,16816,27,622,0,0.32
784,2160,66829,18,5557,4,0.68
785,3942,15116,63,239,1,0.22
786,2701,11925,20,596,2,0.35
787,4682,20880,38,549,1,0.23
788,4073,17210,69,249,0,0.17
789,1658,6604,70,94,1,0.41
790,1733,7005,66,106,0,0.39
791,4861,19254,57,337,1,0.17
792,4468,18856,61,309,0,0.2
793,3444,15144,23,658,0,0.45
794,3117,13308,70,190,1,0.19
795,1223,5074,73,69,2,0.42
796,1105,4256,58,73,0,0.41
797,4001,15501,24,645,2,0.42
798,5096,20727,23,901,0,0.3
799,2483,11001,52,211,0,0.25
800,1564,5995,61,98,2,0.24
